Nr;Navn;Antal;procent;årstal;;;;;;;;;;;;;;;;;;;;;;;;;;;;;;;;;;
1;Mathilde;756;24;2007;;;;;;;;;;;;;;;;;;;;;;;;;;;;;;;;;;
2;Emma;751;24;2007;;;;;;;;;;;;;;;;;;;;;;;;;;;;;;;;;;
3;Sofie;700;22;2007;;;;;;;;;;;;;;;;;;;;;;;;;;;;;;;;;;
4;Freja;688;22;2007;;;;;;;;;;;;;;;;;;;;;;;;;;;;;;;;;;
5;Laura;688;22;2007;;;;;;;;;;;;;;;;;;;;;;;;;;;;;;;;;;
6;Caroline;680;21;2007;;;;;;;;;;;;;;;;;;;;;;;;;;;;;;;;;;
7;Ida;649;20;2007;;;;;;;;;;;;;;;;;;;;;;;;;;;;;;;;;;
8;Anna;625;20;2007;;;;;;;;;;;;;;;;;;;;;;;;;;;;;;;;;;
9;Sara;555;18;2007;;;;;;;;;;;;;;;;;;;;;;;;;;;;;;;;;;
10;Julie;490;15;2007;;;;;;;;;;;;;;;;;;;;;;;;;;;;;;;;;;
11;Maja;490;15;2007;;;;;;;;;;;;;;;;;;;;;;;;;;;;;;;;;;
12;Victoria;471;15;2007;;;;;;;;;;;;;;;;;;;;;;;;;;;;;;;;;;
13;Clara;454;14;2007;;;;;;;;;;;;;;;;;;;;;;;;;;;;;;;;;;
14;Emilie;449;14;2007;;;;;;;;;;;;;;;;;;;;;;;;;;;;;;;;;;
15;Lærke;442;14;2007;;;;;;;;;;;;;;;;;;;;;;;;;;;;;;;;;;
16;Isabella;417;13;2007;;;;;;;;;;;;;;;;;;;;;;;;;;;;;;;;;;
17;Josefine;403;13;2007;;;;;;;;;;;;;;;;;;;;;;;;;;;;;;;;;;
18;Cecilie;394;12;2007;;;;;;;;;;;;;;;;;;;;;;;;;;;;;;;;;;
19;Amalie;387;12;2007;;;;;;;;;;;;;;;;;;;;;;;;;;;;;;;;;;
20;Alberte;366;12;2007;;;;;;;;;;;;;;;;;;;;;;;;;;;;;;;;;;
21;Marie;363;11;2007;;;;;;;;;;;;;;;;;;;;;;;;;;;;;;;;;;
22;Katrine;360;11;2007;;;;;;;;;;;;;;;;;;;;;;;;;;;;;;;;;;
23;Sofia;360;11;2007;;;;;;;;;;;;;;;;;;;;;;;;;;;;;;;;;;
24;Signe;355;11;2007;;;;;;;;;;;;;;;;;;;;;;;;;;;;;;;;;;
25;Frida;343;11;2007;;;;;;;;;;;;;;;;;;;;;;;;;;;;;;;;;;
26;Nanna;316;10;2007;;;;;;;;;;;;;;;;;;;;;;;;;;;;;;;;;;
27;Liva;268;8;2007;;;;;;;;;;;;;;;;;;;;;;;;;;;;;;;;;;
28;Frederikke;260;8;2007;;;;;;;;;;;;;;;;;;;;;;;;;;;;;;;;;;
29;Alma;244;8;2007;;;;;;;;;;;;;;;;;;;;;;;;;;;;;;;;;;
30;Nicoline;244;8;2007;;;;;;;;;;;;;;;;;;;;;;;;;;;;;;;;;;
31;Mille;241;8;2007;;;;;;;;;;;;;;;;;;;;;;;;;;;;;;;;;;
32;Malou;236;7;2007;;;;;;;;;;;;;;;;;;;;;;;;;;;;;;;;;;
33;Olivia;234;7;2007;;;;;;;;;;;;;;;;;;;;;;;;;;;;;;;;;;
34;Astrid;230;7;2007;;;;;;;;;;;;;;;;;;;;;;;;;;;;;;;;;;
35;Andrea;228;7;2007;;;;;;;;;;;;;;;;;;;;;;;;;;;;;;;;;;
36;Johanne;221;7;2007;;;;;;;;;;;;;;;;;;;;;;;;;;;;;;;;;;
37;Maria;217;7;2007;;;;;;;;;;;;;;;;;;;;;;;;;;;;;;;;;;
38;Jasmin;211;7;2007;;;;;;;;;;;;;;;;;;;;;;;;;;;;;;;;;;
39;Karla;211;7;2007;;;;;;;;;;;;;;;;;;;;;;;;;;;;;;;;;;
40;Filippa;186;6;2007;;;;;;;;;;;;;;;;;;;;;;;;;;;;;;;;;;
41;Rebecca;183;6;2007;;;;;;;;;;;;;;;;;;;;;;;;;;;;;;;;;;
42;Camilla;182;6;2007;;;;;;;;;;;;;;;;;;;;;;;;;;;;;;;;;;
43;Silje;182;6;2007;;;;;;;;;;;;;;;;;;;;;;;;;;;;;;;;;;
44;Tilde;177;6;2007;;;;;;;;;;;;;;;;;;;;;;;;;;;;;;;;;;
45;Lea;176;6;2007;;;;;;;;;;;;;;;;;;;;;;;;;;;;;;;;;;
46;Asta;169;5;2007;;;;;;;;;;;;;;;;;;;;;;;;;;;;;;;;;;
47;Naja;165;5;2007;;;;;;;;;;;;;;;;;;;;;;;;;;;;;;;;;;
48;Thea;162;5;2007;;;;;;;;;;;;;;;;;;;;;;;;;;;;;;;;;;
49;Mia;156;5;2007;;;;;;;;;;;;;;;;;;;;;;;;;;;;;;;;;;
50;Sille;156;5;2007;;;;;;;;;;;;;;;;;;;;;;;;;;;;;;;;;;
1;Lucas;838;25;2007;;;;;;;;;;;;;;;;;;;;;;;;;;;;;;;;;;
2;Mikkel;800;24;2007;;;;;;;;;;;;;;;;;;;;;;;;;;;;;;;;;;
3;Noah;765;23;2007;;;;;;;;;;;;;;;;;;;;;;;;;;;;;;;;;;
4;William;753;23;2007;;;;;;;;;;;;;;;;;;;;;;;;;;;;;;;;;;
5;Oliver;746;22;2007;;;;;;;;;;;;;;;;;;;;;;;;;;;;;;;;;;
6;Mathias;735;22;2007;;;;;;;;;;;;;;;;;;;;;;;;;;;;;;;;;;
7;Magnus;725;22;2007;;;;;;;;;;;;;;;;;;;;;;;;;;;;;;;;;;
8;Emil;721;22;2007;;;;;;;;;;;;;;;;;;;;;;;;;;;;;;;;;;
9;Frederik;717;22;2007;;;;;;;;;;;;;;;;;;;;;;;;;;;;;;;;;;
10;Mads;696;21;2007;;;;;;;;;;;;;;;;;;;;;;;;;;;;;;;;;;
11;Christian;679;20;2007;;;;;;;;;;;;;;;;;;;;;;;;;;;;;;;;;;
12;Victor;637;19;2007;;;;;;;;;;;;;;;;;;;;;;;;;;;;;;;;;;
13;Sebastian;630;19;2007;;;;;;;;;;;;;;;;;;;;;;;;;;;;;;;;;;
14;Tobias;588;18;2007;;;;;;;;;;;;;;;;;;;;;;;;;;;;;;;;;;
15;Marcus;537;16;2007;;;;;;;;;;;;;;;;;;;;;;;;;;;;;;;;;;
16;Gustav;536;16;2007;;;;;;;;;;;;;;;;;;;;;;;;;;;;;;;;;;
17;Rasmus;533;16;2007;;;;;;;;;;;;;;;;;;;;;;;;;;;;;;;;;;
18;Malthe;525;16;2007;;;;;;;;;;;;;;;;;;;;;;;;;;;;;;;;;;
19;Oscar;515;16;2007;;;;;;;;;;;;;;;;;;;;;;;;;;;;;;;;;;
20;Alexander;508;15;2007;;;;;;;;;;;;;;;;;;;;;;;;;;;;;;;;;;
21;Nikolaj;485;15;2007;;;;;;;;;;;;;;;;;;;;;;;;;;;;;;;;;;
22;Jonas;471;14;2007;;;;;;;;;;;;;;;;;;;;;;;;;;;;;;;;;;
23;Andreas;453;14;2007;;;;;;;;;;;;;;;;;;;;;;;;;;;;;;;;;;
24;Jacob;432;13;2007;;;;;;;;;;;;;;;;;;;;;;;;;;;;;;;;;;
25;Simon;399;12;2007;;;;;;;;;;;;;;;;;;;;;;;;;;;;;;;;;;
26;Kasper;393;12;2007;;;;;;;;;;;;;;;;;;;;;;;;;;;;;;;;;;
27;Anton;374;11;2007;;;;;;;;;;;;;;;;;;;;;;;;;;;;;;;;;;
28;Benjamin;359;11;2007;;;;;;;;;;;;;;;;;;;;;;;;;;;;;;;;;;
29;Daniel;341;10;2007;;;;;;;;;;;;;;;;;;;;;;;;;;;;;;;;;;
30;Nicklas;316;10;2007;;;;;;;;;;;;;;;;;;;;;;;;;;;;;;;;;;
31;Jeppe;306;9;2007;;;;;;;;;;;;;;;;;;;;;;;;;;;;;;;;;;
32;Elias;305;9;2007;;;;;;;;;;;;;;;;;;;;;;;;;;;;;;;;;;
33;Marius;298;9;2007;;;;;;;;;;;;;;;;;;;;;;;;;;;;;;;;;;
34;Christoffer;287;9;2007;;;;;;;;;;;;;;;;;;;;;;;;;;;;;;;;;;
35;Carl;283;9;2007;;;;;;;;;;;;;;;;;;;;;;;;;;;;;;;;;;
36;Valdemar;281;8;2007;;;;;;;;;;;;;;;;;;;;;;;;;;;;;;;;;;
37;Philip;279;8;2007;;;;;;;;;;;;;;;;;;;;;;;;;;;;;;;;;;
38;Jonathan;241;7;2007;;;;;;;;;;;;;;;;;;;;;;;;;;;;;;;;;;
39;August;236;7;2007;;;;;;;;;;;;;;;;;;;;;;;;;;;;;;;;;;
40;Villads;232;7;2007;;;;;;;;;;;;;;;;;;;;;;;;;;;;;;;;;;
41;Silas;225;7;2007;;;;;;;;;;;;;;;;;;;;;;;;;;;;;;;;;;
42;Bertram;221;7;2007;;;;;;;;;;;;;;;;;;;;;;;;;;;;;;;;;;
43;Anders;214;6;2007;;;;;;;;;;;;;;;;;;;;;;;;;;;;;;;;;;
44;Lasse;209;6;2007;;;;;;;;;;;;;;;;;;;;;;;;;;;;;;;;;;
45;Laurits;199;6;2007;;;;;;;;;;;;;;;;;;;;;;;;;;;;;;;;;;
46;David;189;6;2007;;;;;;;;;;;;;;;;;;;;;;;;;;;;;;;;;;
47;Aksel;178;5;2007;;;;;;;;;;;;;;;;;;;;;;;;;;;;;;;;;;
48;Hjalte;173;5;2007;;;;;;;;;;;;;;;;;;;;;;;;;;;;;;;;;;
49;Adam;172;5;2007;;;;;;;;;;;;;;;;;;;;;;;;;;;;;;;;;;
50;Albert;167;5;2007;;;;;;;;;;;;;;;;;;;;;;;;;;;;;;;;;;
Nr;Navn;Antal;Pr. 1 000;;;;;;;;;;;;;;;;;;;;;;;;;;;;;;;;;;;
1;Isabella;685;22;2010;;;;;;;;;;;;;;;;;;;;;;;;;;;;;;;;;;
2;Ida;635;21;2010;;;;;;;;;;;;;;;;;;;;;;;;;;;;;;;;;;
3;Anna;573;19;2010;;;;;;;;;;;;;;;;;;;;;;;;;;;;;;;;;;
4;Emma;559;18;2010;;;;;;;;;;;;;;;;;;;;;;;;;;;;;;;;;;
5;Mathilde;552;18;2010;;;;;;;;;;;;;;;;;;;;;;;;;;;;;;;;;;
6;Caroline;537;17;2010;;;;;;;;;;;;;;;;;;;;;;;;;;;;;;;;;;
7;Maja;531;17;2010;;;;;;;;;;;;;;;;;;;;;;;;;;;;;;;;;;
8;Freja;517;17;2010;;;;;;;;;;;;;;;;;;;;;;;;;;;;;;;;;;
9;Sofie;516;17;2010;;;;;;;;;;;;;;;;;;;;;;;;;;;;;;;;;;
10;Laura;466;15;2010;;;;;;;;;;;;;;;;;;;;;;;;;;;;;;;;;;
11;Lærke;465;15;2010;;;;;;;;;;;;;;;;;;;;;;;;;;;;;;;;;;
12;Sarah;422;14;2010;;;;;;;;;;;;;;;;;;;;;;;;;;;;;;;;;;
13;Josefine;419;14;2010;;;;;;;;;;;;;;;;;;;;;;;;;;;;;;;;;;
14;Sofia;394;13;2010;;;;;;;;;;;;;;;;;;;;;;;;;;;;;;;;;;
15;Alberte;392;13;2010;;;;;;;;;;;;;;;;;;;;;;;;;;;;;;;;;;
16;Clara;391;13;2010;;;;;;;;;;;;;;;;;;;;;;;;;;;;;;;;;;
17;Liva;372;12;2010;;;;;;;;;;;;;;;;;;;;;;;;;;;;;;;;;;
18;Victoria;372;12;2010;;;;;;;;;;;;;;;;;;;;;;;;;;;;;;;;;;
19;Julie;355;12;2010;;;;;;;;;;;;;;;;;;;;;;;;;;;;;;;;;;
20;Emilie;352;11;2010;;;;;;;;;;;;;;;;;;;;;;;;;;;;;;;;;;
21;Karla;334;11;2010;;;;;;;;;;;;;;;;;;;;;;;;;;;;;;;;;;
22;Olivia;333;11;2010;;;;;;;;;;;;;;;;;;;;;;;;;;;;;;;;;;
23;Frida;327;11;2010;;;;;;;;;;;;;;;;;;;;;;;;;;;;;;;;;;
24;Alma;307;10;2010;;;;;;;;;;;;;;;;;;;;;;;;;;;;;;;;;;
25;Marie;302;10;2010;;;;;;;;;;;;;;;;;;;;;;;;;;;;;;;;;;
26;Mille;288;9;2010;;;;;;;;;;;;;;;;;;;;;;;;;;;;;;;;;;
27;Amalie;272;9;2010;;;;;;;;;;;;;;;;;;;;;;;;;;;;;;;;;;
28;Nanna;266;9;2010;;;;;;;;;;;;;;;;;;;;;;;;;;;;;;;;;;
29;Ella;265;9;2010;;;;;;;;;;;;;;;;;;;;;;;;;;;;;;;;;;
30;Cecilie;257;8;2010;;;;;;;;;;;;;;;;;;;;;;;;;;;;;;;;;;
31;Malou;238;8;2010;;;;;;;;;;;;;;;;;;;;;;;;;;;;;;;;;;
32;Signe;235;8;2010;;;;;;;;;;;;;;;;;;;;;;;;;;;;;;;;;;
33;Nicoline;228;7;2010;;;;;;;;;;;;;;;;;;;;;;;;;;;;;;;;;;
34;Katrine;210;7;2010;;;;;;;;;;;;;;;;;;;;;;;;;;;;;;;;;;
35;Astrid;205;7;2010;;;;;;;;;;;;;;;;;;;;;;;;;;;;;;;;;;
36;Naja;203;7;2010;;;;;;;;;;;;;;;;;;;;;;;;;;;;;;;;;;
37;Tilde;198;6;2010;;;;;;;;;;;;;;;;;;;;;;;;;;;;;;;;;;
38;Frederikke;194;6;2010;;;;;;;;;;;;;;;;;;;;;;;;;;;;;;;;;;
39;Silje;192;6;2010;;;;;;;;;;;;;;;;;;;;;;;;;;;;;;;;;;
40;Celina;183;6;2010;;;;;;;;;;;;;;;;;;;;;;;;;;;;;;;;;;
41;Silke;182;6;2010;;;;;;;;;;;;;;;;;;;;;;;;;;;;;;;;;;
42;Johanne;176;6;2010;;;;;;;;;;;;;;;;;;;;;;;;;;;;;;;;;;
43;Andrea;174;6;2010;;;;;;;;;;;;;;;;;;;;;;;;;;;;;;;;;;
44;Filippa;172;6;2010;;;;;;;;;;;;;;;;;;;;;;;;;;;;;;;;;;
45;Luna;169;6;2010;;;;;;;;;;;;;;;;;;;;;;;;;;;;;;;;;;
46;Lea;166;5;2010;;;;;;;;;;;;;;;;;;;;;;;;;;;;;;;;;;
47;Thea;166;5;2010;;;;;;;;;;;;;;;;;;;;;;;;;;;;;;;;;;
48;Asta;165;5;2010;;;;;;;;;;;;;;;;;;;;;;;;;;;;;;;;;;
49;Selma;158;5;2010;;;;;;;;;;;;;;;;;;;;;;;;;;;;;;;;;;
50;Emily;155;5;2010;;;;;;;;;;;;;;;;;;;;;;;;;;;;;;;;;;
1;William;806;25;2010;;;;;;;;;;;;;;;;;;;;;;;;;;;;;;;;;;
2;Noah;716;22;2010;;;;;;;;;;;;;;;;;;;;;;;;;;;;;;;;;;
3;Lucas;626;19;2010;;;;;;;;;;;;;;;;;;;;;;;;;;;;;;;;;;
4;Victor;616;19;2010;;;;;;;;;;;;;;;;;;;;;;;;;;;;;;;;;;
5;Mikkel;587;18;2010;;;;;;;;;;;;;;;;;;;;;;;;;;;;;;;;;;
6;Magnus;581;18;2010;;;;;;;;;;;;;;;;;;;;;;;;;;;;;;;;;;
7;Frederik;579;18;2010;;;;;;;;;;;;;;;;;;;;;;;;;;;;;;;;;;
8;Mathias;575;18;2010;;;;;;;;;;;;;;;;;;;;;;;;;;;;;;;;;;
9;Oliver;556;17;2010;;;;;;;;;;;;;;;;;;;;;;;;;;;;;;;;;;
10;Emil;546;17;2010;;;;;;;;;;;;;;;;;;;;;;;;;;;;;;;;;;
11;Oscar;531;17;2010;;;;;;;;;;;;;;;;;;;;;;;;;;;;;;;;;;
12;Sebastian;513;16;2010;;;;;;;;;;;;;;;;;;;;;;;;;;;;;;;;;;
13;Gustav;492;15;2010;;;;;;;;;;;;;;;;;;;;;;;;;;;;;;;;;;
14;Alexander;485;15;2010;;;;;;;;;;;;;;;;;;;;;;;;;;;;;;;;;;
15;Malthe;477;15;2010;;;;;;;;;;;;;;;;;;;;;;;;;;;;;;;;;;
16;Mads;470;15;2010;;;;;;;;;;;;;;;;;;;;;;;;;;;;;;;;;;
17;Christian;469;15;2010;;;;;;;;;;;;;;;;;;;;;;;;;;;;;;;;;;
18;Elias;440;14;2010;;;;;;;;;;;;;;;;;;;;;;;;;;;;;;;;;;
19;Marcus;427;13;2010;;;;;;;;;;;;;;;;;;;;;;;;;;;;;;;;;;
20;Tobias;413;13;2010;;;;;;;;;;;;;;;;;;;;;;;;;;;;;;;;;;
21;Silas;393;12;2010;;;;;;;;;;;;;;;;;;;;;;;;;;;;;;;;;;
22;Jonas;389;12;2010;;;;;;;;;;;;;;;;;;;;;;;;;;;;;;;;;;
23;Benjamin;381;12;2010;;;;;;;;;;;;;;;;;;;;;;;;;;;;;;;;;;
24;Anton;380;12;2010;;;;;;;;;;;;;;;;;;;;;;;;;;;;;;;;;;
25;Carl;368;11;2010;;;;;;;;;;;;;;;;;;;;;;;;;;;;;;;;;;
26;Rasmus;367;11;2010;;;;;;;;;;;;;;;;;;;;;;;;;;;;;;;;;;
27;Jacob;360;11;2010;;;;;;;;;;;;;;;;;;;;;;;;;;;;;;;;;;
28;Andreas;327;10;2010;;;;;;;;;;;;;;;;;;;;;;;;;;;;;;;;;;
29;Villads;324;10;2010;;;;;;;;;;;;;;;;;;;;;;;;;;;;;;;;;;
30;Kasper;309;10;2010;;;;;;;;;;;;;;;;;;;;;;;;;;;;;;;;;;
31;Nikolaj;304;9;2010;;;;;;;;;;;;;;;;;;;;;;;;;;;;;;;;;;
32;Simon;301;9;2010;;;;;;;;;;;;;;;;;;;;;;;;;;;;;;;;;;
33;Valdemar;299;9;2010;;;;;;;;;;;;;;;;;;;;;;;;;;;;;;;;;;
34;August;286;9;2010;;;;;;;;;;;;;;;;;;;;;;;;;;;;;;;;;;
35;Nicklas;275;9;2010;;;;;;;;;;;;;;;;;;;;;;;;;;;;;;;;;;
36;Adam;259;8;2010;;;;;;;;;;;;;;;;;;;;;;;;;;;;;;;;;;
37;Jonathan;258;8;2010;;;;;;;;;;;;;;;;;;;;;;;;;;;;;;;;;;
38;Felix;253;8;2010;;;;;;;;;;;;;;;;;;;;;;;;;;;;;;;;;;
39;Daniel;246;8;2010;;;;;;;;;;;;;;;;;;;;;;;;;;;;;;;;;;
40;Marius;240;7;2010;;;;;;;;;;;;;;;;;;;;;;;;;;;;;;;;;;
41;Philip;236;7;2010;;;;;;;;;;;;;;;;;;;;;;;;;;;;;;;;;;
42;Alfred;234;7;2010;;;;;;;;;;;;;;;;;;;;;;;;;;;;;;;;;;
43;Storm;217;7;2010;;;;;;;;;;;;;;;;;;;;;;;;;;;;;;;;;;
44;Albert;208;6;2010;;;;;;;;;;;;;;;;;;;;;;;;;;;;;;;;;;
45;Jeppe;208;6;2010;;;;;;;;;;;;;;;;;;;;;;;;;;;;;;;;;;
46;Bertram;207;6;2010;;;;;;;;;;;;;;;;;;;;;;;;;;;;;;;;;;
47;Tristan;202;6;2010;;;;;;;;;;;;;;;;;;;;;;;;;;;;;;;;;;
48;Sander;197;6;2010;;;;;;;;;;;;;;;;;;;;;;;;;;;;;;;;;;
49;Christoffer;194;6;2010;;;;;;;;;;;;;;;;;;;;;;;;;;;;;;;;;;
50;Johan;194;6;2010;;;;;;;;;;;;;;;;;;;;;;;;;;;;;;;;;;
1;William;580;20;2012;;;;;;;;;;;;;;;;;;;;;;;;;;;;;;;;;;
2;Lucas;572;19;2012;;;;;;;;;;;;;;;;;;;;;;;;;;;;;;;;;;
3;Victor;570;19;2012;;;;;;;;;;;;;;;;;;;;;;;;;;;;;;;;;;
4;Noah;528;18;2012;;;;;;;;;;;;;;;;;;;;;;;;;;;;;;;;;;
5;Oscar;515;17;2012;;;;;;;;;;;;;;;;;;;;;;;;;;;;;;;;;;
6;Liam;497;17;2012;;;;;;;;;;;;;;;;;;;;;;;;;;;;;;;;;;
7;Frederik;487;16;2012;;;;;;;;;;;;;;;;;;;;;;;;;;;;;;;;;;
8;Emil;476;16;2012;;;;;;;;;;;;;;;;;;;;;;;;;;;;;;;;;;
9;Oliver;476;16;2012;;;;;;;;;;;;;;;;;;;;;;;;;;;;;;;;;;
10;Magnus;463;16;2012;;;;;;;;;;;;;;;;;;;;;;;;;;;;;;;;;;
11;Mikkel;457;15;2012;;;;;;;;;;;;;;;;;;;;;;;;;;;;;;;;;;
12;Alexander;421;14;2012;;;;;;;;;;;;;;;;;;;;;;;;;;;;;;;;;;
13;Mathias;411;14;2012;;;;;;;;;;;;;;;;;;;;;;;;;;;;;;;;;;
14;Elias;402;14;2012;;;;;;;;;;;;;;;;;;;;;;;;;;;;;;;;;;
15;Malthe;399;13;2012;;;;;;;;;;;;;;;;;;;;;;;;;;;;;;;;;;
16;Sebastian;384;13;2012;;;;;;;;;;;;;;;;;;;;;;;;;;;;;;;;;;
17;Anton;382;13;2012;;;;;;;;;;;;;;;;;;;;;;;;;;;;;;;;;;
18;Christian;365;12;2012;;;;;;;;;;;;;;;;;;;;;;;;;;;;;;;;;;
19;Villads;365;12;2012;;;;;;;;;;;;;;;;;;;;;;;;;;;;;;;;;;
20;Carl;358;12;2012;;;;;;;;;;;;;;;;;;;;;;;;;;;;;;;;;;
21;Mads;348;12;2012;;;;;;;;;;;;;;;;;;;;;;;;;;;;;;;;;;
22;August;335;11;2012;;;;;;;;;;;;;;;;;;;;;;;;;;;;;;;;;;
23;Benjamin;330;11;2012;;;;;;;;;;;;;;;;;;;;;;;;;;;;;;;;;;
24;Tobias;296;10;2012;;;;;;;;;;;;;;;;;;;;;;;;;;;;;;;;;;
25;Valdemar;296;10;2012;;;;;;;;;;;;;;;;;;;;;;;;;;;;;;;;;;
26;Alfred;279;9;2012;;;;;;;;;;;;;;;;;;;;;;;;;;;;;;;;;;
27;Johan;273;9;2012;;;;;;;;;;;;;;;;;;;;;;;;;;;;;;;;;;
28;Marius;263;9;2012;;;;;;;;;;;;;;;;;;;;;;;;;;;;;;;;;;
29;Jakob;262;9;2012;;;;;;;;;;;;;;;;;;;;;;;;;;;;;;;;;;
30;Jonas;245;8;2012;;;;;;;;;;;;;;;;;;;;;;;;;;;;;;;;;;
31;Nikolaj;242;8;2012;;;;;;;;;;;;;;;;;;;;;;;;;;;;;;;;;;
32;Aksel;239;8;2012;;;;;;;;;;;;;;;;;;;;;;;;;;;;;;;;;;
33;Marcus;235;8;2012;;;;;;;;;;;;;;;;;;;;;;;;;;;;;;;;;;
34;Silas;231;8;2012;;;;;;;;;;;;;;;;;;;;;;;;;;;;;;;;;;
35;Adam;229;8;2012;;;;;;;;;;;;;;;;;;;;;;;;;;;;;;;;;;
36;Felix;227;8;2012;;;;;;;;;;;;;;;;;;;;;;;;;;;;;;;;;;
37;Rasmus;227;8;2012;;;;;;;;;;;;;;;;;;;;;;;;;;;;;;;;;;
38;Jonathan;223;8;2012;;;;;;;;;;;;;;;;;;;;;;;;;;;;;;;;;;
39;Andreas;213;7;2012;;;;;;;;;;;;;;;;;;;;;;;;;;;;;;;;;;
40;Sander;212;7;2012;;;;;;;;;;;;;;;;;;;;;;;;;;;;;;;;;;
41;Albert;211;7;2012;;;;;;;;;;;;;;;;;;;;;;;;;;;;;;;;;;
42;Storm;211;7;2012;;;;;;;;;;;;;;;;;;;;;;;;;;;;;;;;;;
43;Philip;204;7;2012;;;;;;;;;;;;;;;;;;;;;;;;;;;;;;;;;;
44;Gustav;201;7;2012;;;;;;;;;;;;;;;;;;;;;;;;;;;;;;;;;;
45;Tristan;200;7;2012;;;;;;;;;;;;;;;;;;;;;;;;;;;;;;;;;;
46;Bertram;189;6;2012;;;;;;;;;;;;;;;;;;;;;;;;;;;;;;;;;;
47;Nicklas;189;6;2012;;;;;;;;;;;;;;;;;;;;;;;;;;;;;;;;;;
48;Simon;179;6;2012;;;;;;;;;;;;;;;;;;;;;;;;;;;;;;;;;;
49;Kasper;177;6;2012;;;;;;;;;;;;;;;;;;;;;;;;;;;;;;;;;;
50;Daniel;175;6;2012;;;;;;;;;;;;;;;;;;;;;;;;;;;;;;;;;;
1;William;610;22;2013;;;;;;;;;;;;;;;;;;;;;;;;;;;;;;;;;;
2;Lucas;558;20;2013;;;;;;;;;;;;;;;;;;;;;;;;;;;;;;;;;;
3;Noah;533;19;2013;;;;;;;;;;;;;;;;;;;;;;;;;;;;;;;;;;
4;Victor;533;19;2013;;;;;;;;;;;;;;;;;;;;;;;;;;;;;;;;;;
5;Emil;452;16;2013;;;;;;;;;;;;;;;;;;;;;;;;;;;;;;;;;;
6;Frederik;451;16;2013;;;;;;;;;;;;;;;;;;;;;;;;;;;;;;;;;;
7;Oliver;446;16;2013;;;;;;;;;;;;;;;;;;;;;;;;;;;;;;;;;;
8;Oscar;425;15;2013;;;;;;;;;;;;;;;;;;;;;;;;;;;;;;;;;;
9;Magnus;424;15;2013;;;;;;;;;;;;;;;;;;;;;;;;;;;;;;;;;;
10;Alexander;408;14;2013;;;;;;;;;;;;;;;;;;;;;;;;;;;;;;;;;;
11;Liam;403;14;2013;;;;;;;;;;;;;;;;;;;;;;;;;;;;;;;;;;
12;Carl;389;14;2013;;;;;;;;;;;;;;;;;;;;;;;;;;;;;;;;;;
13;Christian;375;13;2013;;;;;;;;;;;;;;;;;;;;;;;;;;;;;;;;;;
14;Elias;374;13;2013;;;;;;;;;;;;;;;;;;;;;;;;;;;;;;;;;;
15;Mikkel;349;12;2013;;;;;;;;;;;;;;;;;;;;;;;;;;;;;;;;;;
16;Mads;340;12;2013;;;;;;;;;;;;;;;;;;;;;;;;;;;;;;;;;;
17;Felix;336;12;2013;;;;;;;;;;;;;;;;;;;;;;;;;;;;;;;;;;
18;Villads;332;12;2013;;;;;;;;;;;;;;;;;;;;;;;;;;;;;;;;;;
19;Mathias;330;12;2013;;;;;;;;;;;;;;;;;;;;;;;;;;;;;;;;;;
20;Anton;321;11;2013;;;;;;;;;;;;;;;;;;;;;;;;;;;;;;;;;;
21;Sebastian;319;11;2013;;;;;;;;;;;;;;;;;;;;;;;;;;;;;;;;;;
22;Malthe;318;11;2013;;;;;;;;;;;;;;;;;;;;;;;;;;;;;;;;;;
23;Valdemar;302;11;2013;;;;;;;;;;;;;;;;;;;;;;;;;;;;;;;;;;
24;Benjamin;299;11;2013;;;;;;;;;;;;;;;;;;;;;;;;;;;;;;;;;;
25;August;282;10;2013;;;;;;;;;;;;;;;;;;;;;;;;;;;;;;;;;;
26;Marius;278;10;2013;;;;;;;;;;;;;;;;;;;;;;;;;;;;;;;;;;
27;Alfred;273;10;2013;;;;;;;;;;;;;;;;;;;;;;;;;;;;;;;;;;
28;Johan;265;9;2013;;;;;;;;;;;;;;;;;;;;;;;;;;;;;;;;;;
29;Aksel;255;9;2013;;;;;;;;;;;;;;;;;;;;;;;;;;;;;;;;;;
30;Marcus;246;9;2013;;;;;;;;;;;;;;;;;;;;;;;;;;;;;;;;;;
31;Tobias;243;9;2013;;;;;;;;;;;;;;;;;;;;;;;;;;;;;;;;;;
32;Storm;232;8;2013;;;;;;;;;;;;;;;;;;;;;;;;;;;;;;;;;;
33;Adam;213;8;2013;;;;;;;;;;;;;;;;;;;;;;;;;;;;;;;;;;
34;Nikolaj;209;7;2013;;;;;;;;;;;;;;;;;;;;;;;;;;;;;;;;;;
35;Philip;195;7;2013;;;;;;;;;;;;;;;;;;;;;;;;;;;;;;;;;;
36;Jonas;189;7;2013;;;;;;;;;;;;;;;;;;;;;;;;;;;;;;;;;;
37;Jakob;185;7;2013;;;;;;;;;;;;;;;;;;;;;;;;;;;;;;;;;;
38;Jonathan;185;7;2013;;;;;;;;;;;;;;;;;;;;;;;;;;;;;;;;;;
39;Andreas;177;6;2013;;;;;;;;;;;;;;;;;;;;;;;;;;;;;;;;;;
40;Albert;173;6;2013;;;;;;;;;;;;;;;;;;;;;;;;;;;;;;;;;;
41;Elliot;173;6;2013;;;;;;;;;;;;;;;;;;;;;;;;;;;;;;;;;;
42;Laurits;173;6;2013;;;;;;;;;;;;;;;;;;;;;;;;;;;;;;;;;;
43;Nicklas;172;6;2013;;;;;;;;;;;;;;;;;;;;;;;;;;;;;;;;;;
44;Theodor;172;6;2013;;;;;;;;;;;;;;;;;;;;;;;;;;;;;;;;;;
45;Arthur;171;6;2013;;;;;;;;;;;;;;;;;;;;;;;;;;;;;;;;;;
46;Tristan;169;6;2013;;;;;;;;;;;;;;;;;;;;;;;;;;;;;;;;;;
47;Bertram;168;6;2013;;;;;;;;;;;;;;;;;;;;;;;;;;;;;;;;;;
48;Simon;164;6;2013;;;;;;;;;;;;;;;;;;;;;;;;;;;;;;;;;;
49;Villum;162;6;2013;;;;;;;;;;;;;;;;;;;;;;;;;;;;;;;;;;
50;Daniel;161;6;2013;;;;;;;;;;;;;;;;;;;;;;;;;;;;;;;;;;
1;Lucas;816;24;2008;;;;;;;;;;;;;;;;;;;;;;;;;;;;;;;;;;
2;Oliver;782;23;2008;;;;;;;;;;;;;;;;;;;;;;;;;;;;;;;;;;
3;Emil;769;23;2008;;;;;;;;;;;;;;;;;;;;;;;;;;;;;;;;;;
4;Mikkel;755;22;2008;;;;;;;;;;;;;;;;;;;;;;;;;;;;;;;;;;
5;Noah;748;22;2008;;;;;;;;;;;;;;;;;;;;;;;;;;;;;;;;;;
6;Magnus;742;22;2008;;;;;;;;;;;;;;;;;;;;;;;;;;;;;;;;;;
7;William;739;22;2008;;;;;;;;;;;;;;;;;;;;;;;;;;;;;;;;;;
8;Mathias;684;20;2008;;;;;;;;;;;;;;;;;;;;;;;;;;;;;;;;;;
9;Frederik;675;20;2008;;;;;;;;;;;;;;;;;;;;;;;;;;;;;;;;;;
10;Victor;652;19;2008;;;;;;;;;;;;;;;;;;;;;;;;;;;;;;;;;;
11;Sebastian;644;19;2008;;;;;;;;;;;;;;;;;;;;;;;;;;;;;;;;;;
12;Christian;618;18;2008;;;;;;;;;;;;;;;;;;;;;;;;;;;;;;;;;;
13;Malthe;610;18;2008;;;;;;;;;;;;;;;;;;;;;;;;;;;;;;;;;;
14;Mads;609;18;2008;;;;;;;;;;;;;;;;;;;;;;;;;;;;;;;;;;
15;Tobias;593;18;2008;;;;;;;;;;;;;;;;;;;;;;;;;;;;;;;;;;
16;Alexander;563;17;2008;;;;;;;;;;;;;;;;;;;;;;;;;;;;;;;;;;
17;Gustav;557;16;2008;;;;;;;;;;;;;;;;;;;;;;;;;;;;;;;;;;
18;Marcus;499;15;2008;;;;;;;;;;;;;;;;;;;;;;;;;;;;;;;;;;
19;Oscar;498;15;2008;;;;;;;;;;;;;;;;;;;;;;;;;;;;;;;;;;
20;Rasmus;485;14;2008;;;;;;;;;;;;;;;;;;;;;;;;;;;;;;;;;;
21;Andreas;446;13;2008;;;;;;;;;;;;;;;;;;;;;;;;;;;;;;;;;;
22;Anton;433;13;2008;;;;;;;;;;;;;;;;;;;;;;;;;;;;;;;;;;
23;Jonas;417;12;2008;;;;;;;;;;;;;;;;;;;;;;;;;;;;;;;;;;
24;Nikolaj;414;12;2008;;;;;;;;;;;;;;;;;;;;;;;;;;;;;;;;;;
25;Jacob;400;12;2008;;;;;;;;;;;;;;;;;;;;;;;;;;;;;;;;;;
26;Elias;383;11;2008;;;;;;;;;;;;;;;;;;;;;;;;;;;;;;;;;;
27;Simon;383;11;2008;;;;;;;;;;;;;;;;;;;;;;;;;;;;;;;;;;
28;Kasper;380;11;2008;;;;;;;;;;;;;;;;;;;;;;;;;;;;;;;;;;
29;Benjamin;364;11;2008;;;;;;;;;;;;;;;;;;;;;;;;;;;;;;;;;;
30;Daniel;341;10;2008;;;;;;;;;;;;;;;;;;;;;;;;;;;;;;;;;;
31;Nicklas;325;10;2008;;;;;;;;;;;;;;;;;;;;;;;;;;;;;;;;;;
32;Carl;288;9;2008;;;;;;;;;;;;;;;;;;;;;;;;;;;;;;;;;;
33;Villads;288;9;2008;;;;;;;;;;;;;;;;;;;;;;;;;;;;;;;;;;
34;Jonathan;268;8;2008;;;;;;;;;;;;;;;;;;;;;;;;;;;;;;;;;;
35;Valdemar;266;8;2008;;;;;;;;;;;;;;;;;;;;;;;;;;;;;;;;;;
36;Silas;255;8;2008;;;;;;;;;;;;;;;;;;;;;;;;;;;;;;;;;;
37;Jeppe;254;8;2008;;;;;;;;;;;;;;;;;;;;;;;;;;;;;;;;;;
38;Philip;248;7;2008;;;;;;;;;;;;;;;;;;;;;;;;;;;;;;;;;;
39;Marius;245;7;2008;;;;;;;;;;;;;;;;;;;;;;;;;;;;;;;;;;
40;August;233;7;2008;;;;;;;;;;;;;;;;;;;;;;;;;;;;;;;;;;
41;Bertram;216;6;2008;;;;;;;;;;;;;;;;;;;;;;;;;;;;;;;;;;
42;Christoffer;215;6;2008;;;;;;;;;;;;;;;;;;;;;;;;;;;;;;;;;;
43;Lasse;201;6;2008;;;;;;;;;;;;;;;;;;;;;;;;;;;;;;;;;;
44;Tristan;200;6;2008;;;;;;;;;;;;;;;;;;;;;;;;;;;;;;;;;;
45;Albert;199;6;2008;;;;;;;;;;;;;;;;;;;;;;;;;;;;;;;;;;
46;Aksel;193;6;2008;;;;;;;;;;;;;;;;;;;;;;;;;;;;;;;;;;
47;Sander;186;5;2008;;;;;;;;;;;;;;;;;;;;;;;;;;;;;;;;;;
48;Johan;184;5;2008;;;;;;;;;;;;;;;;;;;;;;;;;;;;;;;;;;
49;David;182;5;2008;;;;;;;;;;;;;;;;;;;;;;;;;;;;;;;;;;
50;Laurits;180;5;2008;;;;;;;;;;;;;;;;;;;;;;;;;;;;;;;;;;
1;Sofia;552;20;2012;;;;;;;;;;;;;;;;;;;;;;;;;;;;;;;;;;
2;Ida;529;19;2012;;;;;;;;;;;;;;;;;;;;;;;;;;;;;;;;;;
3;Freja;514;18;2012;;;;;;;;;;;;;;;;;;;;;;;;;;;;;;;;;;
4;Emma;512;18;2012;;;;;;;;;;;;;;;;;;;;;;;;;;;;;;;;;;
5;Isabella;429;15;2012;;;;;;;;;;;;;;;;;;;;;;;;;;;;;;;;;;
6;Sofie;427;15;2012;;;;;;;;;;;;;;;;;;;;;;;;;;;;;;;;;;
7;Maja;408;15;2012;;;;;;;;;;;;;;;;;;;;;;;;;;;;;;;;;;
8;Laura;407;15;2012;;;;;;;;;;;;;;;;;;;;;;;;;;;;;;;;;;
9;Clara;404;14;2012;;;;;;;;;;;;;;;;;;;;;;;;;;;;;;;;;;
10;Mathilde;396;14;2012;;;;;;;;;;;;;;;;;;;;;;;;;;;;;;;;;;
11;Anna;388;14;2012;;;;;;;;;;;;;;;;;;;;;;;;;;;;;;;;;;
12;Josefine;381;14;2012;;;;;;;;;;;;;;;;;;;;;;;;;;;;;;;;;;
13;Caroline;375;13;2012;;;;;;;;;;;;;;;;;;;;;;;;;;;;;;;;;;
14;Alberte;371;13;2012;;;;;;;;;;;;;;;;;;;;;;;;;;;;;;;;;;
15;Lærke;354;13;2012;;;;;;;;;;;;;;;;;;;;;;;;;;;;;;;;;;
16;Karla;338;12;2012;;;;;;;;;;;;;;;;;;;;;;;;;;;;;;;;;;
17;Alma;335;12;2012;;;;;;;;;;;;;;;;;;;;;;;;;;;;;;;;;;
18;Victoria;326;12;2012;;;;;;;;;;;;;;;;;;;;;;;;;;;;;;;;;;
19;Ella;321;11;2012;;;;;;;;;;;;;;;;;;;;;;;;;;;;;;;;;;
20;Liva;310;11;2012;;;;;;;;;;;;;;;;;;;;;;;;;;;;;;;;;;
21;Olivia;288;10;2012;;;;;;;;;;;;;;;;;;;;;;;;;;;;;;;;;;
22;Frida;274;10;2012;;;;;;;;;;;;;;;;;;;;;;;;;;;;;;;;;;
23;Mille;273;10;2012;;;;;;;;;;;;;;;;;;;;;;;;;;;;;;;;;;
24;Emilie;271;10;2012;;;;;;;;;;;;;;;;;;;;;;;;;;;;;;;;;;
25;Agnes;267;10;2012;;;;;;;;;;;;;;;;;;;;;;;;;;;;;;;;;;
26;Marie;242;9;2012;;;;;;;;;;;;;;;;;;;;;;;;;;;;;;;;;;
27;Sara;240;9;2012;;;;;;;;;;;;;;;;;;;;;;;;;;;;;;;;;;
28;Julie;233;8;2012;;;;;;;;;;;;;;;;;;;;;;;;;;;;;;;;;;
29;Nanna;212;8;2012;;;;;;;;;;;;;;;;;;;;;;;;;;;;;;;;;;
30;Filippa;197;7;2012;;;;;;;;;;;;;;;;;;;;;;;;;;;;;;;;;;
31;Naja;192;7;2012;;;;;;;;;;;;;;;;;;;;;;;;;;;;;;;;;;
32;Nicoline;186;7;2012;;;;;;;;;;;;;;;;;;;;;;;;;;;;;;;;;;
33;Signe;178;6;2012;;;;;;;;;;;;;;;;;;;;;;;;;;;;;;;;;;
34;Johanne;177;6;2012;;;;;;;;;;;;;;;;;;;;;;;;;;;;;;;;;;
35;Emily;176;6;2012;;;;;;;;;;;;;;;;;;;;;;;;;;;;;;;;;;
36;Merle;173;6;2012;;;;;;;;;;;;;;;;;;;;;;;;;;;;;;;;;;
37;Silje;173;6;2012;;;;;;;;;;;;;;;;;;;;;;;;;;;;;;;;;;
38;Lea;172;6;2012;;;;;;;;;;;;;;;;;;;;;;;;;;;;;;;;;;
39;Rosa;168;6;2012;;;;;;;;;;;;;;;;;;;;;;;;;;;;;;;;;;
40;Astrid;166;6;2012;;;;;;;;;;;;;;;;;;;;;;;;;;;;;;;;;;
41;Ellen;166;6;2012;;;;;;;;;;;;;;;;;;;;;;;;;;;;;;;;;;
42;Asta;163;6;2012;;;;;;;;;;;;;;;;;;;;;;;;;;;;;;;;;;
43;Katrine;162;6;2012;;;;;;;;;;;;;;;;;;;;;;;;;;;;;;;;;;
44;Silke;162;6;2012;;;;;;;;;;;;;;;;;;;;;;;;;;;;;;;;;;
45;Celina;161;6;2012;;;;;;;;;;;;;;;;;;;;;;;;;;;;;;;;;;
46;Luna;161;6;2012;;;;;;;;;;;;;;;;;;;;;;;;;;;;;;;;;;
47;Andrea;156;6;2012;;;;;;;;;;;;;;;;;;;;;;;;;;;;;;;;;;
48;Lily;153;5;2012;;;;;;;;;;;;;;;;;;;;;;;;;;;;;;;;;;
49;Tilde;151;5;2012;;;;;;;;;;;;;;;;;;;;;;;;;;;;;;;;;;
50;Esther;149;5;2012;;;;;;;;;;;;;;;;;;;;;;;;;;;;;;;;;;
1;Sofia;516;19;;;;;;;;;;;;;;;;;;;;;;;;;;;;;;;;;;;
2;Ida;505;19;2013;;;;;;;;;;;;;;;;;;;;;;;;;;;;;;;;;;
3;Isabella;439;16;2013;;;;;;;;;;;;;;;;;;;;;;;;;;;;;;;;;;
4;Emma;410;15;2013;;;;;;;;;;;;;;;;;;;;;;;;;;;;;;;;;;
5;Freja;403;15;2013;;;;;;;;;;;;;;;;;;;;;;;;;;;;;;;;;;
6;Clara;398;15;2013;;;;;;;;;;;;;;;;;;;;;;;;;;;;;;;;;;
7;Sofie;389;14;2013;;;;;;;;;;;;;;;;;;;;;;;;;;;;;;;;;;
8;Anna;383;14;2013;;;;;;;;;;;;;;;;;;;;;;;;;;;;;;;;;;
9;Josefine;376;14;2013;;;;;;;;;;;;;;;;;;;;;;;;;;;;;;;;;;
10;Laura;368;14;2013;;;;;;;;;;;;;;;;;;;;;;;;;;;;;;;;;;
11;Caroline;365;13;2013;;;;;;;;;;;;;;;;;;;;;;;;;;;;;;;;;;
12;Maja;350;13;2013;;;;;;;;;;;;;;;;;;;;;;;;;;;;;;;;;;
13;Alma;340;13;2013;;;;;;;;;;;;;;;;;;;;;;;;;;;;;;;;;;
14;Ella;330;12;2013;;;;;;;;;;;;;;;;;;;;;;;;;;;;;;;;;;
15;Karla;328;12;2013;;;;;;;;;;;;;;;;;;;;;;;;;;;;;;;;;;
16;Olivia;321;12;2013;;;;;;;;;;;;;;;;;;;;;;;;;;;;;;;;;;
17;Lærke;317;12;2013;;;;;;;;;;;;;;;;;;;;;;;;;;;;;;;;;;
18;Liva;312;12;2013;;;;;;;;;;;;;;;;;;;;;;;;;;;;;;;;;;
19;Mathilde;312;12;2013;;;;;;;;;;;;;;;;;;;;;;;;;;;;;;;;;;
20;Alberte;306;11;2013;;;;;;;;;;;;;;;;;;;;;;;;;;;;;;;;;;
21;Victoria;301;11;2013;;;;;;;;;;;;;;;;;;;;;;;;;;;;;;;;;;
22;Agnes;272;10;2013;;;;;;;;;;;;;;;;;;;;;;;;;;;;;;;;;;
23;Emilie;268;10;2013;;;;;;;;;;;;;;;;;;;;;;;;;;;;;;;;;;
24;Frida;256;9;2013;;;;;;;;;;;;;;;;;;;;;;;;;;;;;;;;;;
25;Mille;236;9;2013;;;;;;;;;;;;;;;;;;;;;;;;;;;;;;;;;;
26;Filippa;220;8;2013;;;;;;;;;;;;;;;;;;;;;;;;;;;;;;;;;;
27;Sara;217;8;2013;;;;;;;;;;;;;;;;;;;;;;;;;;;;;;;;;;
28;Vigga;206;8;2013;;;;;;;;;;;;;;;;;;;;;;;;;;;;;;;;;;
29;Julie;200;7;2013;;;;;;;;;;;;;;;;;;;;;;;;;;;;;;;;;;
30;Naja;197;7;2013;;;;;;;;;;;;;;;;;;;;;;;;;;;;;;;;;;
31;Emily;195;7;2013;;;;;;;;;;;;;;;;;;;;;;;;;;;;;;;;;;
32;Marie;192;7;2013;;;;;;;;;;;;;;;;;;;;;;;;;;;;;;;;;;
33;Astrid;181;7;2013;;;;;;;;;;;;;;;;;;;;;;;;;;;;;;;;;;
34;Nanna;180;7;2013;;;;;;;;;;;;;;;;;;;;;;;;;;;;;;;;;;
35;Johanne;179;7;2013;;;;;;;;;;;;;;;;;;;;;;;;;;;;;;;;;;
36;Nicoline;177;7;2013;;;;;;;;;;;;;;;;;;;;;;;;;;;;;;;;;;
37;Lea;173;6;2013;;;;;;;;;;;;;;;;;;;;;;;;;;;;;;;;;;
38;Ellen;170;6;2013;;;;;;;;;;;;;;;;;;;;;;;;;;;;;;;;;;
39;Rosa;166;6;2013;;;;;;;;;;;;;;;;;;;;;;;;;;;;;;;;;;
40;Malou;160;6;2013;;;;;;;;;;;;;;;;;;;;;;;;;;;;;;;;;;
41;Andrea;157;6;2013;;;;;;;;;;;;;;;;;;;;;;;;;;;;;;;;;;
42;Silje;153;6;2013;;;;;;;;;;;;;;;;;;;;;;;;;;;;;;;;;;
43;Lily;142;5;2013;;;;;;;;;;;;;;;;;;;;;;;;;;;;;;;;;;
44;Thea;142;5;2013;;;;;;;;;;;;;;;;;;;;;;;;;;;;;;;;;;
45;Celina;141;5;2013;;;;;;;;;;;;;;;;;;;;;;;;;;;;;;;;;;
46;Merle;141;5;2013;;;;;;;;;;;;;;;;;;;;;;;;;;;;;;;;;;
47;Nora;141;5;2013;;;;;;;;;;;;;;;;;;;;;;;;;;;;;;;;;;
48;Luna;140;5;2013;;;;;;;;;;;;;;;;;;;;;;;;;;;;;;;;;;
49;Asta;136;5;2013;;;;;;;;;;;;;;;;;;;;;;;;;;;;;;;;;;
50;Esther;136;5;2013;;;;;;;;;;;;;;;;;;;;;;;;;;;;;;;;;;
1;Louise;932;36;1985;;;;;;;;;;;;;;;;;;;;;;;;;;;;;;;;;;
2;Mette;897;35;1985;;;;;;;;;;;;;;;;;;;;;;;;;;;;;;;;;;
3;Maria;869;34;1985;;;;;;;;;;;;;;;;;;;;;;;;;;;;;;;;;;
4;Camilla;845;33;1985;;;;;;;;;;;;;;;;;;;;;;;;;;;;;;;;;;
5;Christina;792;31;1985;;;;;;;;;;;;;;;;;;;;;;;;;;;;;;;;;;
6;Anne;682;26;1985;;;;;;;;;;;;;;;;;;;;;;;;;;;;;;;;;;
7;Line;482;19;1985;;;;;;;;;;;;;;;;;;;;;;;;;;;;;;;;;;
8;Pernille;476;18;1985;;;;;;;;;;;;;;;;;;;;;;;;;;;;;;;;;;
9;Stine;457;18;1985;;;;;;;;;;;;;;;;;;;;;;;;;;;;;;;;;;
10;Sara;442;17;1985;;;;;;;;;;;;;;;;;;;;;;;;;;;;;;;;;;
11;Karina;437;17;1985;;;;;;;;;;;;;;;;;;;;;;;;;;;;;;;;;;
12;Katrine;432;17;1985;;;;;;;;;;;;;;;;;;;;;;;;;;;;;;;;;;
13;Marie;358;14;1985;;;;;;;;;;;;;;;;;;;;;;;;;;;;;;;;;;
14;Rikke;355;14;1985;;;;;;;;;;;;;;;;;;;;;;;;;;;;;;;;;;
15;Julie;353;14;1985;;;;;;;;;;;;;;;;;;;;;;;;;;;;;;;;;;
16;Trine;352;14;1985;;;;;;;;;;;;;;;;;;;;;;;;;;;;;;;;;;
17;Tina;348;13;1985;;;;;;;;;;;;;;;;;;;;;;;;;;;;;;;;;;
18;Charlotte;326;13;1985;;;;;;;;;;;;;;;;;;;;;;;;;;;;;;;;;;
19;Ditte;324;13;1985;;;;;;;;;;;;;;;;;;;;;;;;;;;;;;;;;;
20;Helle;307;12;1985;;;;;;;;;;;;;;;;;;;;;;;;;;;;;;;;;;
21;Signe;303;12;1985;;;;;;;;;;;;;;;;;;;;;;;;;;;;;;;;;;
22;Heidi;298;12;1985;;;;;;;;;;;;;;;;;;;;;;;;;;;;;;;;;;
23;Malene;296;11;1985;;;;;;;;;;;;;;;;;;;;;;;;;;;;;;;;;;
24;Mia;271;11;1985;;;;;;;;;;;;;;;;;;;;;;;;;;;;;;;;;;
25;Janni;265;10;1985;;;;;;;;;;;;;;;;;;;;;;;;;;;;;;;;;;
1;Martin;1190;44;1985;;;;;;;;;;;;;;;;;;;;;;;;;;;;;;;;;;
2;Christian;1090;41;1985;;;;;;;;;;;;;;;;;;;;;;;;;;;;;;;;;;
3;Kasper;1057;39;1985;;;;;;;;;;;;;;;;;;;;;;;;;;;;;;;;;;
4;Morten;964;36;1985;;;;;;;;;;;;;;;;;;;;;;;;;;;;;;;;;;
5;Thomas;962;36;1985;;;;;;;;;;;;;;;;;;;;;;;;;;;;;;;;;;
6;Michael;950;35;1985;;;;;;;;;;;;;;;;;;;;;;;;;;;;;;;;;;
7;Jesper;808;30;1985;;;;;;;;;;;;;;;;;;;;;;;;;;;;;;;;;;
8;Anders;787;29;1985;;;;;;;;;;;;;;;;;;;;;;;;;;;;;;;;;;
9;Rasmus;758;28;1985;;;;;;;;;;;;;;;;;;;;;;;;;;;;;;;;;;
10;Jacob;664;25;1985;;;;;;;;;;;;;;;;;;;;;;;;;;;;;;;;;;
11;Mads;630;23;1985;;;;;;;;;;;;;;;;;;;;;;;;;;;;;;;;;;
12;Søren;570;21;1985;;;;;;;;;;;;;;;;;;;;;;;;;;;;;;;;;;
13;Daniel;543;20;1985;;;;;;;;;;;;;;;;;;;;;;;;;;;;;;;;;;
14;Peter;528;20;1985;;;;;;;;;;;;;;;;;;;;;;;;;;;;;;;;;;
15;Dennis;498;19;1985;;;;;;;;;;;;;;;;;;;;;;;;;;;;;;;;;;
16;Kenneth;479;18;1985;;;;;;;;;;;;;;;;;;;;;;;;;;;;;;;;;;
17;Mikkel;472;18;1985;;;;;;;;;;;;;;;;;;;;;;;;;;;;;;;;;;
18;Jonas;452;17;1985;;;;;;;;;;;;;;;;;;;;;;;;;;;;;;;;;;
19;Lasse;450;17;1985;;;;;;;;;;;;;;;;;;;;;;;;;;;;;;;;;;
20;Henrik;446;17;1985;;;;;;;;;;;;;;;;;;;;;;;;;;;;;;;;;;
21;Kim;445;17;1985;;;;;;;;;;;;;;;;;;;;;;;;;;;;;;;;;;
22;Lars;439;16;1985;;;;;;;;;;;;;;;;;;;;;;;;;;;;;;;;;;
23;Simon;401;15;1985;;;;;;;;;;;;;;;;;;;;;;;;;;;;;;;;;;
24;Brian;325;12;1985;;;;;;;;;;;;;;;;;;;;;;;;;;;;;;;;;;
25;Andreas;322;12;1985;;;;;;;;;;;;;;;;;;;;;;;;;;;;;;;;;;
1;Emma;784;25;2008;;;;;;;;;;;;;;;;;;;;;;;;;;;;;;;;;;
2;Freja;735;23;2008;;;;;;;;;;;;;;;;;;;;;;;;;;;;;;;;;;
3;Ida;720;23;2008;;;;;;;;;;;;;;;;;;;;;;;;;;;;;;;;;;
4;Caroline;688;22;2008;;;;;;;;;;;;;;;;;;;;;;;;;;;;;;;;;;
5;Sofie;661;21;2008;;;;;;;;;;;;;;;;;;;;;;;;;;;;;;;;;;
6;Mathilde;632;20;2008;;;;;;;;;;;;;;;;;;;;;;;;;;;;;;;;;;
7;Anna;609;19;2008;;;;;;;;;;;;;;;;;;;;;;;;;;;;;;;;;;
8;Laura;554;17;2008;;;;;;;;;;;;;;;;;;;;;;;;;;;;;;;;;;
9;Lærke;517;16;2008;;;;;;;;;;;;;;;;;;;;;;;;;;;;;;;;;;
10;Sara;514;16;2008;;;;;;;;;;;;;;;;;;;;;;;;;;;;;;;;;;
11;Maja;505;16;2008;;;;;;;;;;;;;;;;;;;;;;;;;;;;;;;;;;
12;Julie;483;15;2008;;;;;;;;;;;;;;;;;;;;;;;;;;;;;;;;;;
13;Isabella;476;15;2008;;;;;;;;;;;;;;;;;;;;;;;;;;;;;;;;;;
14;Clara;463;15;2008;;;;;;;;;;;;;;;;;;;;;;;;;;;;;;;;;;
15;Victoria;432;14;2008;;;;;;;;;;;;;;;;;;;;;;;;;;;;;;;;;;
16;Emilie;418;13;2008;;;;;;;;;;;;;;;;;;;;;;;;;;;;;;;;;;
17;Josefine;413;13;2008;;;;;;;;;;;;;;;;;;;;;;;;;;;;;;;;;;
18;Alberte;412;13;2008;;;;;;;;;;;;;;;;;;;;;;;;;;;;;;;;;;
19;Sofia;393;12;2008;;;;;;;;;;;;;;;;;;;;;;;;;;;;;;;;;;
20;Cecilie;358;11;2008;;;;;;;;;;;;;;;;;;;;;;;;;;;;;;;;;;
21;Amalie;345;11;2008;;;;;;;;;;;;;;;;;;;;;;;;;;;;;;;;;;
22;Frida;342;11;2008;;;;;;;;;;;;;;;;;;;;;;;;;;;;;;;;;;
23;Marie;342;11;2008;;;;;;;;;;;;;;;;;;;;;;;;;;;;;;;;;;
24;Nanna;324;10;2008;;;;;;;;;;;;;;;;;;;;;;;;;;;;;;;;;;
25;Signe;321;10;2008;;;;;;;;;;;;;;;;;;;;;;;;;;;;;;;;;;
26;Nicoline;303;10;2008;;;;;;;;;;;;;;;;;;;;;;;;;;;;;;;;;;
27;Liva;282;9;2008;;;;;;;;;;;;;;;;;;;;;;;;;;;;;;;;;;
28;Mille;279;9;2008;;;;;;;;;;;;;;;;;;;;;;;;;;;;;;;;;;
29;Katrine;278;9;2008;;;;;;;;;;;;;;;;;;;;;;;;;;;;;;;;;;
30;Malou;275;9;2008;;;;;;;;;;;;;;;;;;;;;;;;;;;;;;;;;;
31;Karla;263;8;2008;;;;;;;;;;;;;;;;;;;;;;;;;;;;;;;;;;
32;Alma;241;8;2008;;;;;;;;;;;;;;;;;;;;;;;;;;;;;;;;;;
33;Olivia;233;7;2008;;;;;;;;;;;;;;;;;;;;;;;;;;;;;;;;;;
34;Tilde;216;7;2008;;;;;;;;;;;;;;;;;;;;;;;;;;;;;;;;;;
35;Frederikke;215;7;2008;;;;;;;;;;;;;;;;;;;;;;;;;;;;;;;;;;
36;Andrea;214;7;2008;;;;;;;;;;;;;;;;;;;;;;;;;;;;;;;;;;
37;Astrid;207;7;2008;;;;;;;;;;;;;;;;;;;;;;;;;;;;;;;;;;
38;Johanne;203;6;2008;;;;;;;;;;;;;;;;;;;;;;;;;;;;;;;;;;
39;Maria;192;6;2008;;;;;;;;;;;;;;;;;;;;;;;;;;;;;;;;;;
40;Ella;190;6;2008;;;;;;;;;;;;;;;;;;;;;;;;;;;;;;;;;;
41;Jasmin;189;6;2008;;;;;;;;;;;;;;;;;;;;;;;;;;;;;;;;;;
42;Asta;186;6;2008;;;;;;;;;;;;;;;;;;;;;;;;;;;;;;;;;;
43;Silje;186;6;2008;;;;;;;;;;;;;;;;;;;;;;;;;;;;;;;;;;
44;Lea;179;6;2008;;;;;;;;;;;;;;;;;;;;;;;;;;;;;;;;;;
45;Celina;177;6;2008;;;;;;;;;;;;;;;;;;;;;;;;;;;;;;;;;;
46;Naja;175;5;2008;;;;;;;;;;;;;;;;;;;;;;;;;;;;;;;;;;
47;Hannah;167;5;2008;;;;;;;;;;;;;;;;;;;;;;;;;;;;;;;;;;
48;Rebecca;163;5;2008;;;;;;;;;;;;;;;;;;;;;;;;;;;;;;;;;;
49;Thea;158;5;2008;;;;;;;;;;;;;;;;;;;;;;;;;;;;;;;;;;
50;Camilla;154;5;2008;;;;;;;;;;;;;;;;;;;;;;;;;;;;;;;;;;
